index,mid,display_name
0,/m/voxclb0001,0
1,/m/voxclb0002,1
2,/m/voxclb0003,2
3,/m/voxclb0004,3
4,/m/voxclb0005,4
5,/m/voxclb0006,5
6,/m/voxclb0007,6
7,/m/voxclb0008,7
8,/m/voxclb0009,8
9,/m/voxclb0010,9
10,/m/voxclb0011,10
11,/m/voxclb0012,11
12,/m/voxclb0013,12
13,/m/voxclb0014,13
14,/m/voxclb0015,14
15,/m/voxclb0016,15
16,/m/voxclb0017,16
17,/m/voxclb0018,17
18,/m/voxclb0019,18
19,/m/voxclb0020,19
20,/m/voxclb0021,20
21,/m/voxclb0022,21
22,/m/voxclb0023,22
23,/m/voxclb0024,23
24,/m/voxclb0025,24
25,/m/voxclb0026,25
26,/m/voxclb0027,26
27,/m/voxclb0028,27
28,/m/voxclb0029,28
29,/m/voxclb0030,29
30,/m/voxclb0031,30
31,/m/voxclb0032,31
32,/m/voxclb0033,32
33,/m/voxclb0034,33
34,/m/voxclb0035,34
35,/m/voxclb0036,35
36,/m/voxclb0037,36
37,/m/voxclb0038,37
38,/m/voxclb0039,38
39,/m/voxclb0040,39
40,/m/voxclb0041,40
41,/m/voxclb0042,41
42,/m/voxclb0043,42
43,/m/voxclb0044,43
44,/m/voxclb0045,44
45,/m/voxclb0046,45
46,/m/voxclb0047,46
47,/m/voxclb0048,47
48,/m/voxclb0049,48
49,/m/voxclb0050,49
50,/m/voxclb0051,50
51,/m/voxclb0052,51
52,/m/voxclb0053,52
53,/m/voxclb0054,53
54,/m/voxclb0055,54
55,/m/voxclb0056,55
56,/m/voxclb0057,56
57,/m/voxclb0058,57
58,/m/voxclb0059,58
59,/m/voxclb0060,59
60,/m/voxclb0061,60
61,/m/voxclb0062,61
62,/m/voxclb0063,62
63,/m/voxclb0064,63
64,/m/voxclb0065,64
65,/m/voxclb0066,65
66,/m/voxclb0067,66
67,/m/voxclb0068,67
68,/m/voxclb0069,68
69,/m/voxclb0070,69
70,/m/voxclb0071,70
71,/m/voxclb0072,71
72,/m/voxclb0073,72
73,/m/voxclb0074,73
74,/m/voxclb0075,74
75,/m/voxclb0076,75
76,/m/voxclb0077,76
77,/m/voxclb0078,77
78,/m/voxclb0079,78
79,/m/voxclb0080,79
80,/m/voxclb0081,80
81,/m/voxclb0082,81
82,/m/voxclb0083,82
83,/m/voxclb0084,83
84,/m/voxclb0085,84
85,/m/voxclb0086,85
86,/m/voxclb0087,86
87,/m/voxclb0088,87
88,/m/voxclb0089,88
89,/m/voxclb0090,89
90,/m/voxclb0091,90
91,/m/voxclb0092,91
92,/m/voxclb0093,92
93,/m/voxclb0094,93
94,/m/voxclb0095,94
95,/m/voxclb0096,95
96,/m/voxclb0097,96
97,/m/voxclb0098,97
98,/m/voxclb0099,98
99,/m/voxclb0100,99
100,/m/voxclb0101,100
101,/m/voxclb0102,101
102,/m/voxclb0103,102
103,/m/voxclb0104,103
104,/m/voxclb0105,104
105,/m/voxclb0106,105
106,/m/voxclb0107,106
107,/m/voxclb0108,107
108,/m/voxclb0109,108
109,/m/voxclb0110,109
110,/m/voxclb0111,110
111,/m/voxclb0112,111
112,/m/voxclb0113,112
113,/m/voxclb0114,113
114,/m/voxclb0115,114
115,/m/voxclb0116,115
116,/m/voxclb0117,116
117,/m/voxclb0118,117
118,/m/voxclb0119,118
119,/m/voxclb0120,119
120,/m/voxclb0121,120
121,/m/voxclb0122,121
122,/m/voxclb0123,122
123,/m/voxclb0124,123
124,/m/voxclb0125,124
125,/m/voxclb0126,125
126,/m/voxclb0127,126
127,/m/voxclb0128,127
128,/m/voxclb0129,128
129,/m/voxclb0130,129
130,/m/voxclb0131,130
131,/m/voxclb0132,131
132,/m/voxclb0133,132
133,/m/voxclb0134,133
134,/m/voxclb0135,134
135,/m/voxclb0136,135
136,/m/voxclb0137,136
137,/m/voxclb0138,137
138,/m/voxclb0139,138
139,/m/voxclb0140,139
140,/m/voxclb0141,140
141,/m/voxclb0142,141
142,/m/voxclb0143,142
143,/m/voxclb0144,143
144,/m/voxclb0145,144
145,/m/voxclb0146,145
146,/m/voxclb0147,146
147,/m/voxclb0148,147
148,/m/voxclb0149,148
149,/m/voxclb0150,149
150,/m/voxclb0151,150
151,/m/voxclb0152,151
152,/m/voxclb0153,152
153,/m/voxclb0154,153
154,/m/voxclb0155,154
155,/m/voxclb0156,155
156,/m/voxclb0157,156
157,/m/voxclb0158,157
158,/m/voxclb0159,158
159,/m/voxclb0160,159
160,/m/voxclb0161,160
161,/m/voxclb0162,161
162,/m/voxclb0163,162
163,/m/voxclb0164,163
164,/m/voxclb0165,164
165,/m/voxclb0166,165
166,/m/voxclb0167,166
167,/m/voxclb0168,167
168,/m/voxclb0169,168
169,/m/voxclb0170,169
170,/m/voxclb0171,170
171,/m/voxclb0172,171
172,/m/voxclb0173,172
173,/m/voxclb0174,173
174,/m/voxclb0175,174
175,/m/voxclb0176,175
176,/m/voxclb0177,176
177,/m/voxclb0178,177
178,/m/voxclb0179,178
179,/m/voxclb0180,179
180,/m/voxclb0181,180
181,/m/voxclb0182,181
182,/m/voxclb0183,182
183,/m/voxclb0184,183
184,/m/voxclb0185,184
185,/m/voxclb0186,185
186,/m/voxclb0187,186
187,/m/voxclb0188,187
188,/m/voxclb0189,188
189,/m/voxclb0190,189
190,/m/voxclb0191,190
191,/m/voxclb0192,191
192,/m/voxclb0193,192
193,/m/voxclb0194,193
194,/m/voxclb0195,194
195,/m/voxclb0196,195
196,/m/voxclb0197,196
197,/m/voxclb0198,197
198,/m/voxclb0199,198
199,/m/voxclb0200,199
200,/m/voxclb0201,200
201,/m/voxclb0202,201
202,/m/voxclb0203,202
203,/m/voxclb0204,203
204,/m/voxclb0205,204
205,/m/voxclb0206,205
206,/m/voxclb0207,206
207,/m/voxclb0208,207
208,/m/voxclb0209,208
209,/m/voxclb0210,209
210,/m/voxclb0211,210
211,/m/voxclb0212,211
212,/m/voxclb0213,212
213,/m/voxclb0214,213
214,/m/voxclb0215,214
215,/m/voxclb0216,215
216,/m/voxclb0217,216
217,/m/voxclb0218,217
218,/m/voxclb0219,218
219,/m/voxclb0220,219
220,/m/voxclb0221,220
221,/m/voxclb0222,221
222,/m/voxclb0223,222
223,/m/voxclb0224,223
224,/m/voxclb0225,224
225,/m/voxclb0226,225
226,/m/voxclb0227,226
227,/m/voxclb0228,227
228,/m/voxclb0229,228
229,/m/voxclb0230,229
230,/m/voxclb0231,230
231,/m/voxclb0232,231
232,/m/voxclb0233,232
233,/m/voxclb0234,233
234,/m/voxclb0235,234
235,/m/voxclb0236,235
236,/m/voxclb0237,236
237,/m/voxclb0238,237
238,/m/voxclb0239,238
239,/m/voxclb0240,239
240,/m/voxclb0241,240
241,/m/voxclb0242,241
242,/m/voxclb0243,242
243,/m/voxclb0244,243
244,/m/voxclb0245,244
245,/m/voxclb0246,245
246,/m/voxclb0247,246
247,/m/voxclb0248,247
248,/m/voxclb0249,248
249,/m/voxclb0250,249
250,/m/voxclb0251,250
251,/m/voxclb0252,251
252,/m/voxclb0253,252
253,/m/voxclb0254,253
254,/m/voxclb0255,254
255,/m/voxclb0256,255
256,/m/voxclb0257,256
257,/m/voxclb0258,257
258,/m/voxclb0259,258
259,/m/voxclb0260,259
260,/m/voxclb0261,260
261,/m/voxclb0262,261
262,/m/voxclb0263,262
263,/m/voxclb0264,263
264,/m/voxclb0265,264
265,/m/voxclb0266,265
266,/m/voxclb0267,266
267,/m/voxclb0268,267
268,/m/voxclb0269,268
269,/m/voxclb0270,269
270,/m/voxclb0271,270
271,/m/voxclb0272,271
272,/m/voxclb0273,272
273,/m/voxclb0274,273
274,/m/voxclb0275,274
275,/m/voxclb0276,275
276,/m/voxclb0277,276
277,/m/voxclb0278,277
278,/m/voxclb0279,278
279,/m/voxclb0280,279
280,/m/voxclb0281,280
281,/m/voxclb0282,281
282,/m/voxclb0283,282
283,/m/voxclb0284,283
284,/m/voxclb0285,284
285,/m/voxclb0286,285
286,/m/voxclb0287,286
287,/m/voxclb0288,287
288,/m/voxclb0289,288
289,/m/voxclb0290,289
290,/m/voxclb0291,290
291,/m/voxclb0292,291
292,/m/voxclb0293,292
293,/m/voxclb0294,293
294,/m/voxclb0295,294
295,/m/voxclb0296,295
296,/m/voxclb0297,296
297,/m/voxclb0298,297
298,/m/voxclb0299,298
299,/m/voxclb0300,299
300,/m/voxclb0301,300
301,/m/voxclb0302,301
302,/m/voxclb0303,302
303,/m/voxclb0304,303
304,/m/voxclb0305,304
305,/m/voxclb0306,305
306,/m/voxclb0307,306
307,/m/voxclb0308,307
308,/m/voxclb0309,308
309,/m/voxclb0310,309
310,/m/voxclb0311,310
311,/m/voxclb0312,311
312,/m/voxclb0313,312
313,/m/voxclb0314,313
314,/m/voxclb0315,314
315,/m/voxclb0316,315
316,/m/voxclb0317,316
317,/m/voxclb0318,317
318,/m/voxclb0319,318
319,/m/voxclb0320,319
320,/m/voxclb0321,320
321,/m/voxclb0322,321
322,/m/voxclb0323,322
323,/m/voxclb0324,323
324,/m/voxclb0325,324
325,/m/voxclb0326,325
326,/m/voxclb0327,326
327,/m/voxclb0328,327
328,/m/voxclb0329,328
329,/m/voxclb0330,329
330,/m/voxclb0331,330
331,/m/voxclb0332,331
332,/m/voxclb0333,332
333,/m/voxclb0334,333
334,/m/voxclb0335,334
335,/m/voxclb0336,335
336,/m/voxclb0337,336
337,/m/voxclb0338,337
338,/m/voxclb0339,338
339,/m/voxclb0340,339
340,/m/voxclb0341,340
341,/m/voxclb0342,341
342,/m/voxclb0343,342
343,/m/voxclb0344,343
344,/m/voxclb0345,344
345,/m/voxclb0346,345
346,/m/voxclb0347,346
347,/m/voxclb0348,347
348,/m/voxclb0349,348
349,/m/voxclb0350,349
350,/m/voxclb0351,350
351,/m/voxclb0352,351
352,/m/voxclb0353,352
353,/m/voxclb0354,353
354,/m/voxclb0355,354
355,/m/voxclb0356,355
356,/m/voxclb0357,356
357,/m/voxclb0358,357
358,/m/voxclb0359,358
359,/m/voxclb0360,359
360,/m/voxclb0361,360
361,/m/voxclb0362,361
362,/m/voxclb0363,362
363,/m/voxclb0364,363
364,/m/voxclb0365,364
365,/m/voxclb0366,365
366,/m/voxclb0367,366
367,/m/voxclb0368,367
368,/m/voxclb0369,368
369,/m/voxclb0370,369
370,/m/voxclb0371,370
371,/m/voxclb0372,371
372,/m/voxclb0373,372
373,/m/voxclb0374,373
374,/m/voxclb0375,374
375,/m/voxclb0376,375
376,/m/voxclb0377,376
377,/m/voxclb0378,377
378,/m/voxclb0379,378
379,/m/voxclb0380,379
380,/m/voxclb0381,380
381,/m/voxclb0382,381
382,/m/voxclb0383,382
383,/m/voxclb0384,383
384,/m/voxclb0385,384
385,/m/voxclb0386,385
386,/m/voxclb0387,386
387,/m/voxclb0388,387
388,/m/voxclb0389,388
389,/m/voxclb0390,389
390,/m/voxclb0391,390
391,/m/voxclb0392,391
392,/m/voxclb0393,392
393,/m/voxclb0394,393
394,/m/voxclb0395,394
395,/m/voxclb0396,395
396,/m/voxclb0397,396
397,/m/voxclb0398,397
398,/m/voxclb0399,398
399,/m/voxclb0400,399
400,/m/voxclb0401,400
401,/m/voxclb0402,401
402,/m/voxclb0403,402
403,/m/voxclb0404,403
404,/m/voxclb0405,404
405,/m/voxclb0406,405
406,/m/voxclb0407,406
407,/m/voxclb0408,407
408,/m/voxclb0409,408
409,/m/voxclb0410,409
410,/m/voxclb0411,410
411,/m/voxclb0412,411
412,/m/voxclb0413,412
413,/m/voxclb0414,413
414,/m/voxclb0415,414
415,/m/voxclb0416,415
416,/m/voxclb0417,416
417,/m/voxclb0418,417
418,/m/voxclb0419,418
419,/m/voxclb0420,419
420,/m/voxclb0421,420
421,/m/voxclb0422,421
422,/m/voxclb0423,422
423,/m/voxclb0424,423
424,/m/voxclb0425,424
425,/m/voxclb0426,425
426,/m/voxclb0427,426
427,/m/voxclb0428,427
428,/m/voxclb0429,428
429,/m/voxclb0430,429
430,/m/voxclb0431,430
431,/m/voxclb0432,431
432,/m/voxclb0433,432
433,/m/voxclb0434,433
434,/m/voxclb0435,434
435,/m/voxclb0436,435
436,/m/voxclb0437,436
437,/m/voxclb0438,437
438,/m/voxclb0439,438
439,/m/voxclb0440,439
440,/m/voxclb0441,440
441,/m/voxclb0442,441
442,/m/voxclb0443,442
443,/m/voxclb0444,443
444,/m/voxclb0445,444
445,/m/voxclb0446,445
446,/m/voxclb0447,446
447,/m/voxclb0448,447
448,/m/voxclb0449,448
449,/m/voxclb0450,449
450,/m/voxclb0451,450
451,/m/voxclb0452,451
452,/m/voxclb0453,452
453,/m/voxclb0454,453
454,/m/voxclb0455,454
455,/m/voxclb0456,455
456,/m/voxclb0457,456
457,/m/voxclb0458,457
458,/m/voxclb0459,458
459,/m/voxclb0460,459
460,/m/voxclb0461,460
461,/m/voxclb0462,461
462,/m/voxclb0463,462
463,/m/voxclb0464,463
464,/m/voxclb0465,464
465,/m/voxclb0466,465
466,/m/voxclb0467,466
467,/m/voxclb0468,467
468,/m/voxclb0469,468
469,/m/voxclb0470,469
470,/m/voxclb0471,470
471,/m/voxclb0472,471
472,/m/voxclb0473,472
473,/m/voxclb0474,473
474,/m/voxclb0475,474
475,/m/voxclb0476,475
476,/m/voxclb0477,476
477,/m/voxclb0478,477
478,/m/voxclb0479,478
479,/m/voxclb0480,479
480,/m/voxclb0481,480
481,/m/voxclb0482,481
482,/m/voxclb0483,482
483,/m/voxclb0484,483
484,/m/voxclb0485,484
485,/m/voxclb0486,485
486,/m/voxclb0487,486
487,/m/voxclb0488,487
488,/m/voxclb0489,488
489,/m/voxclb0490,489
490,/m/voxclb0491,490
491,/m/voxclb0492,491
492,/m/voxclb0493,492
493,/m/voxclb0494,493
494,/m/voxclb0495,494
495,/m/voxclb0496,495
496,/m/voxclb0497,496
497,/m/voxclb0498,497
498,/m/voxclb0499,498
499,/m/voxclb0500,499
500,/m/voxclb0501,500
501,/m/voxclb0502,501
502,/m/voxclb0503,502
503,/m/voxclb0504,503
504,/m/voxclb0505,504
505,/m/voxclb0506,505
506,/m/voxclb0507,506
507,/m/voxclb0508,507
508,/m/voxclb0509,508
509,/m/voxclb0510,509
510,/m/voxclb0511,510
511,/m/voxclb0512,511
512,/m/voxclb0513,512
513,/m/voxclb0514,513
514,/m/voxclb0515,514
515,/m/voxclb0516,515
516,/m/voxclb0517,516
517,/m/voxclb0518,517
518,/m/voxclb0519,518
519,/m/voxclb0520,519
520,/m/voxclb0521,520
521,/m/voxclb0522,521
522,/m/voxclb0523,522
523,/m/voxclb0524,523
524,/m/voxclb0525,524
525,/m/voxclb0526,525
526,/m/voxclb0527,526
527,/m/voxclb0528,527
528,/m/voxclb0529,528
529,/m/voxclb0530,529
530,/m/voxclb0531,530
531,/m/voxclb0532,531
532,/m/voxclb0533,532
533,/m/voxclb0534,533
534,/m/voxclb0535,534
535,/m/voxclb0536,535
536,/m/voxclb0537,536
537,/m/voxclb0538,537
538,/m/voxclb0539,538
539,/m/voxclb0540,539
540,/m/voxclb0541,540
541,/m/voxclb0542,541
542,/m/voxclb0543,542
543,/m/voxclb0544,543
544,/m/voxclb0545,544
545,/m/voxclb0546,545
546,/m/voxclb0547,546
547,/m/voxclb0548,547
548,/m/voxclb0549,548
549,/m/voxclb0550,549
550,/m/voxclb0551,550
551,/m/voxclb0552,551
552,/m/voxclb0553,552
553,/m/voxclb0554,553
554,/m/voxclb0555,554
555,/m/voxclb0556,555
556,/m/voxclb0557,556
557,/m/voxclb0558,557
558,/m/voxclb0559,558
559,/m/voxclb0560,559
560,/m/voxclb0561,560
561,/m/voxclb0562,561
562,/m/voxclb0563,562
563,/m/voxclb0564,563
564,/m/voxclb0565,564
565,/m/voxclb0566,565
566,/m/voxclb0567,566
567,/m/voxclb0568,567
568,/m/voxclb0569,568
569,/m/voxclb0570,569
570,/m/voxclb0571,570
571,/m/voxclb0572,571
572,/m/voxclb0573,572
573,/m/voxclb0574,573
574,/m/voxclb0575,574
575,/m/voxclb0576,575
576,/m/voxclb0577,576
577,/m/voxclb0578,577
578,/m/voxclb0579,578
579,/m/voxclb0580,579
580,/m/voxclb0581,580
581,/m/voxclb0582,581
582,/m/voxclb0583,582
583,/m/voxclb0584,583
584,/m/voxclb0585,584
585,/m/voxclb0586,585
586,/m/voxclb0587,586
587,/m/voxclb0588,587
588,/m/voxclb0589,588
589,/m/voxclb0590,589
590,/m/voxclb0591,590
591,/m/voxclb0592,591
592,/m/voxclb0593,592
593,/m/voxclb0594,593
594,/m/voxclb0595,594
595,/m/voxclb0596,595
596,/m/voxclb0597,596
597,/m/voxclb0598,597
598,/m/voxclb0599,598
599,/m/voxclb0600,599
600,/m/voxclb0601,600
601,/m/voxclb0602,601
602,/m/voxclb0603,602
603,/m/voxclb0604,603
604,/m/voxclb0605,604
605,/m/voxclb0606,605
606,/m/voxclb0607,606
607,/m/voxclb0608,607
608,/m/voxclb0609,608
609,/m/voxclb0610,609
610,/m/voxclb0611,610
611,/m/voxclb0612,611
612,/m/voxclb0613,612
613,/m/voxclb0614,613
614,/m/voxclb0615,614
615,/m/voxclb0616,615
616,/m/voxclb0617,616
617,/m/voxclb0618,617
618,/m/voxclb0619,618
619,/m/voxclb0620,619
620,/m/voxclb0621,620
621,/m/voxclb0622,621
622,/m/voxclb0623,622
623,/m/voxclb0624,623
624,/m/voxclb0625,624
625,/m/voxclb0626,625
626,/m/voxclb0627,626
627,/m/voxclb0628,627
628,/m/voxclb0629,628
629,/m/voxclb0630,629
630,/m/voxclb0631,630
631,/m/voxclb0632,631
632,/m/voxclb0633,632
633,/m/voxclb0634,633
634,/m/voxclb0635,634
635,/m/voxclb0636,635
636,/m/voxclb0637,636
637,/m/voxclb0638,637
638,/m/voxclb0639,638
639,/m/voxclb0640,639
640,/m/voxclb0641,640
641,/m/voxclb0642,641
642,/m/voxclb0643,642
643,/m/voxclb0644,643
644,/m/voxclb0645,644
645,/m/voxclb0646,645
646,/m/voxclb0647,646
647,/m/voxclb0648,647
648,/m/voxclb0649,648
649,/m/voxclb0650,649
650,/m/voxclb0651,650
651,/m/voxclb0652,651
652,/m/voxclb0653,652
653,/m/voxclb0654,653
654,/m/voxclb0655,654
655,/m/voxclb0656,655
656,/m/voxclb0657,656
657,/m/voxclb0658,657
658,/m/voxclb0659,658
659,/m/voxclb0660,659
660,/m/voxclb0661,660
661,/m/voxclb0662,661
662,/m/voxclb0663,662
663,/m/voxclb0664,663
664,/m/voxclb0665,664
665,/m/voxclb0666,665
666,/m/voxclb0667,666
667,/m/voxclb0668,667
668,/m/voxclb0669,668
669,/m/voxclb0670,669
670,/m/voxclb0671,670
671,/m/voxclb0672,671
672,/m/voxclb0673,672
673,/m/voxclb0674,673
674,/m/voxclb0675,674
675,/m/voxclb0676,675
676,/m/voxclb0677,676
677,/m/voxclb0678,677
678,/m/voxclb0679,678
679,/m/voxclb0680,679
680,/m/voxclb0681,680
681,/m/voxclb0682,681
682,/m/voxclb0683,682
683,/m/voxclb0684,683
684,/m/voxclb0685,684
685,/m/voxclb0686,685
686,/m/voxclb0687,686
687,/m/voxclb0688,687
688,/m/voxclb0689,688
689,/m/voxclb0690,689
690,/m/voxclb0691,690
691,/m/voxclb0692,691
692,/m/voxclb0693,692
693,/m/voxclb0694,693
694,/m/voxclb0695,694
695,/m/voxclb0696,695
696,/m/voxclb0697,696
697,/m/voxclb0698,697
698,/m/voxclb0699,698
699,/m/voxclb0700,699
700,/m/voxclb0701,700
701,/m/voxclb0702,701
702,/m/voxclb0703,702
703,/m/voxclb0704,703
704,/m/voxclb0705,704
705,/m/voxclb0706,705
706,/m/voxclb0707,706
707,/m/voxclb0708,707
708,/m/voxclb0709,708
709,/m/voxclb0710,709
710,/m/voxclb0711,710
711,/m/voxclb0712,711
712,/m/voxclb0713,712
713,/m/voxclb0714,713
714,/m/voxclb0715,714
715,/m/voxclb0716,715
716,/m/voxclb0717,716
717,/m/voxclb0718,717
718,/m/voxclb0719,718
719,/m/voxclb0720,719
720,/m/voxclb0721,720
721,/m/voxclb0722,721
722,/m/voxclb0723,722
723,/m/voxclb0724,723
724,/m/voxclb0725,724
725,/m/voxclb0726,725
726,/m/voxclb0727,726
727,/m/voxclb0728,727
728,/m/voxclb0729,728
729,/m/voxclb0730,729
730,/m/voxclb0731,730
731,/m/voxclb0732,731
732,/m/voxclb0733,732
733,/m/voxclb0734,733
734,/m/voxclb0735,734
735,/m/voxclb0736,735
736,/m/voxclb0737,736
737,/m/voxclb0738,737
738,/m/voxclb0739,738
739,/m/voxclb0740,739
740,/m/voxclb0741,740
741,/m/voxclb0742,741
742,/m/voxclb0743,742
743,/m/voxclb0744,743
744,/m/voxclb0745,744
745,/m/voxclb0746,745
746,/m/voxclb0747,746
747,/m/voxclb0748,747
748,/m/voxclb0749,748
749,/m/voxclb0750,749
750,/m/voxclb0751,750
751,/m/voxclb0752,751
752,/m/voxclb0753,752
753,/m/voxclb0754,753
754,/m/voxclb0755,754
755,/m/voxclb0756,755
756,/m/voxclb0757,756
757,/m/voxclb0758,757
758,/m/voxclb0759,758
759,/m/voxclb0760,759
760,/m/voxclb0761,760
761,/m/voxclb0762,761
762,/m/voxclb0763,762
763,/m/voxclb0764,763
764,/m/voxclb0765,764
765,/m/voxclb0766,765
766,/m/voxclb0767,766
767,/m/voxclb0768,767
768,/m/voxclb0769,768
769,/m/voxclb0770,769
770,/m/voxclb0771,770
771,/m/voxclb0772,771
772,/m/voxclb0773,772
773,/m/voxclb0774,773
774,/m/voxclb0775,774
775,/m/voxclb0776,775
776,/m/voxclb0777,776
777,/m/voxclb0778,777
778,/m/voxclb0779,778
779,/m/voxclb0780,779
780,/m/voxclb0781,780
781,/m/voxclb0782,781
782,/m/voxclb0783,782
783,/m/voxclb0784,783
784,/m/voxclb0785,784
785,/m/voxclb0786,785
786,/m/voxclb0787,786
787,/m/voxclb0788,787
788,/m/voxclb0789,788
789,/m/voxclb0790,789
790,/m/voxclb0791,790
791,/m/voxclb0792,791
792,/m/voxclb0793,792
793,/m/voxclb0794,793
794,/m/voxclb0795,794
795,/m/voxclb0796,795
796,/m/voxclb0797,796
797,/m/voxclb0798,797
798,/m/voxclb0799,798
799,/m/voxclb0800,799
800,/m/voxclb0801,800
801,/m/voxclb0802,801
802,/m/voxclb0803,802
803,/m/voxclb0804,803
804,/m/voxclb0805,804
805,/m/voxclb0806,805
806,/m/voxclb0807,806
807,/m/voxclb0808,807
808,/m/voxclb0809,808
809,/m/voxclb0810,809
810,/m/voxclb0811,810
811,/m/voxclb0812,811
812,/m/voxclb0813,812
813,/m/voxclb0814,813
814,/m/voxclb0815,814
815,/m/voxclb0816,815
816,/m/voxclb0817,816
817,/m/voxclb0818,817
818,/m/voxclb0819,818
819,/m/voxclb0820,819
820,/m/voxclb0821,820
821,/m/voxclb0822,821
822,/m/voxclb0823,822
823,/m/voxclb0824,823
824,/m/voxclb0825,824
825,/m/voxclb0826,825
826,/m/voxclb0827,826
827,/m/voxclb0828,827
828,/m/voxclb0829,828
829,/m/voxclb0830,829
830,/m/voxclb0831,830
831,/m/voxclb0832,831
832,/m/voxclb0833,832
833,/m/voxclb0834,833
834,/m/voxclb0835,834
835,/m/voxclb0836,835
836,/m/voxclb0837,836
837,/m/voxclb0838,837
838,/m/voxclb0839,838
839,/m/voxclb0840,839
840,/m/voxclb0841,840
841,/m/voxclb0842,841
842,/m/voxclb0843,842
843,/m/voxclb0844,843
844,/m/voxclb0845,844
845,/m/voxclb0846,845
846,/m/voxclb0847,846
847,/m/voxclb0848,847
848,/m/voxclb0849,848
849,/m/voxclb0850,849
850,/m/voxclb0851,850
851,/m/voxclb0852,851
852,/m/voxclb0853,852
853,/m/voxclb0854,853
854,/m/voxclb0855,854
855,/m/voxclb0856,855
856,/m/voxclb0857,856
857,/m/voxclb0858,857
858,/m/voxclb0859,858
859,/m/voxclb0860,859
860,/m/voxclb0861,860
861,/m/voxclb0862,861
862,/m/voxclb0863,862
863,/m/voxclb0864,863
864,/m/voxclb0865,864
865,/m/voxclb0866,865
866,/m/voxclb0867,866
867,/m/voxclb0868,867
868,/m/voxclb0869,868
869,/m/voxclb0870,869
870,/m/voxclb0871,870
871,/m/voxclb0872,871
872,/m/voxclb0873,872
873,/m/voxclb0874,873
874,/m/voxclb0875,874
875,/m/voxclb0876,875
876,/m/voxclb0877,876
877,/m/voxclb0878,877
878,/m/voxclb0879,878
879,/m/voxclb0880,879
880,/m/voxclb0881,880
881,/m/voxclb0882,881
882,/m/voxclb0883,882
883,/m/voxclb0884,883
884,/m/voxclb0885,884
885,/m/voxclb0886,885
886,/m/voxclb0887,886
887,/m/voxclb0888,887
888,/m/voxclb0889,888
889,/m/voxclb0890,889
890,/m/voxclb0891,890
891,/m/voxclb0892,891
892,/m/voxclb0893,892
893,/m/voxclb0894,893
894,/m/voxclb0895,894
895,/m/voxclb0896,895
896,/m/voxclb0897,896
897,/m/voxclb0898,897
898,/m/voxclb0899,898
899,/m/voxclb0900,899
900,/m/voxclb0901,900
901,/m/voxclb0902,901
902,/m/voxclb0903,902
903,/m/voxclb0904,903
904,/m/voxclb0905,904
905,/m/voxclb0906,905
906,/m/voxclb0907,906
907,/m/voxclb0908,907
908,/m/voxclb0909,908
909,/m/voxclb0910,909
910,/m/voxclb0911,910
911,/m/voxclb0912,911
912,/m/voxclb0913,912
913,/m/voxclb0914,913
914,/m/voxclb0915,914
915,/m/voxclb0916,915
916,/m/voxclb0917,916
917,/m/voxclb0918,917
918,/m/voxclb0919,918
919,/m/voxclb0920,919
920,/m/voxclb0921,920
921,/m/voxclb0922,921
922,/m/voxclb0923,922
923,/m/voxclb0924,923
924,/m/voxclb0925,924
925,/m/voxclb0926,925
926,/m/voxclb0927,926
927,/m/voxclb0928,927
928,/m/voxclb0929,928
929,/m/voxclb0930,929
930,/m/voxclb0931,930
931,/m/voxclb0932,931
932,/m/voxclb0933,932
933,/m/voxclb0934,933
934,/m/voxclb0935,934
935,/m/voxclb0936,935
936,/m/voxclb0937,936
937,/m/voxclb0938,937
938,/m/voxclb0939,938
939,/m/voxclb0940,939
940,/m/voxclb0941,940
941,/m/voxclb0942,941
942,/m/voxclb0943,942
943,/m/voxclb0944,943
944,/m/voxclb0945,944
945,/m/voxclb0946,945
946,/m/voxclb0947,946
947,/m/voxclb0948,947
948,/m/voxclb0949,948
949,/m/voxclb0950,949
950,/m/voxclb0951,950
951,/m/voxclb0952,951
952,/m/voxclb0953,952
953,/m/voxclb0954,953
954,/m/voxclb0955,954
955,/m/voxclb0956,955
956,/m/voxclb0957,956
957,/m/voxclb0958,957
958,/m/voxclb0959,958
959,/m/voxclb0960,959
960,/m/voxclb0961,960
961,/m/voxclb0962,961
962,/m/voxclb0963,962
963,/m/voxclb0964,963
964,/m/voxclb0965,964
965,/m/voxclb0966,965
966,/m/voxclb0967,966
967,/m/voxclb0968,967
968,/m/voxclb0969,968
969,/m/voxclb0970,969
970,/m/voxclb0971,970
971,/m/voxclb0972,971
972,/m/voxclb0973,972
973,/m/voxclb0974,973
974,/m/voxclb0975,974
975,/m/voxclb0976,975
976,/m/voxclb0977,976
977,/m/voxclb0978,977
978,/m/voxclb0979,978
979,/m/voxclb0980,979
980,/m/voxclb0981,980
981,/m/voxclb0982,981
982,/m/voxclb0983,982
983,/m/voxclb0984,983
984,/m/voxclb0985,984
985,/m/voxclb0986,985
986,/m/voxclb0987,986
987,/m/voxclb0988,987
988,/m/voxclb0989,988
989,/m/voxclb0990,989
990,/m/voxclb0991,990
991,/m/voxclb0992,991
992,/m/voxclb0993,992
993,/m/voxclb0994,993
994,/m/voxclb0995,994
995,/m/voxclb0996,995
996,/m/voxclb0997,996
997,/m/voxclb0998,997
998,/m/voxclb0999,998
999,/m/voxclb1000,999
1000,/m/voxclb1001,1000
1001,/m/voxclb1002,1001
1002,/m/voxclb1003,1002
1003,/m/voxclb1004,1003
1004,/m/voxclb1005,1004
1005,/m/voxclb1006,1005
1006,/m/voxclb1007,1006
1007,/m/voxclb1008,1007
1008,/m/voxclb1009,1008
1009,/m/voxclb1010,1009
1010,/m/voxclb1011,1010
1011,/m/voxclb1012,1011
1012,/m/voxclb1013,1012
1013,/m/voxclb1014,1013
1014,/m/voxclb1015,1014
1015,/m/voxclb1016,1015
1016,/m/voxclb1017,1016
1017,/m/voxclb1018,1017
1018,/m/voxclb1019,1018
1019,/m/voxclb1020,1019
1020,/m/voxclb1021,1020
1021,/m/voxclb1022,1021
1022,/m/voxclb1023,1022
1023,/m/voxclb1024,1023
1024,/m/voxclb1025,1024
1025,/m/voxclb1026,1025
1026,/m/voxclb1027,1026
1027,/m/voxclb1028,1027
1028,/m/voxclb1029,1028
1029,/m/voxclb1030,1029
1030,/m/voxclb1031,1030
1031,/m/voxclb1032,1031
1032,/m/voxclb1033,1032
1033,/m/voxclb1034,1033
1034,/m/voxclb1035,1034
1035,/m/voxclb1036,1035
1036,/m/voxclb1037,1036
1037,/m/voxclb1038,1037
1038,/m/voxclb1039,1038
1039,/m/voxclb1040,1039
1040,/m/voxclb1041,1040
1041,/m/voxclb1042,1041
1042,/m/voxclb1043,1042
1043,/m/voxclb1044,1043
1044,/m/voxclb1045,1044
1045,/m/voxclb1046,1045
1046,/m/voxclb1047,1046
1047,/m/voxclb1048,1047
1048,/m/voxclb1049,1048
1049,/m/voxclb1050,1049
1050,/m/voxclb1051,1050
1051,/m/voxclb1052,1051
1052,/m/voxclb1053,1052
1053,/m/voxclb1054,1053
1054,/m/voxclb1055,1054
1055,/m/voxclb1056,1055
1056,/m/voxclb1057,1056
1057,/m/voxclb1058,1057
1058,/m/voxclb1059,1058
1059,/m/voxclb1060,1059
1060,/m/voxclb1061,1060
1061,/m/voxclb1062,1061
1062,/m/voxclb1063,1062
1063,/m/voxclb1064,1063
1064,/m/voxclb1065,1064
1065,/m/voxclb1066,1065
1066,/m/voxclb1067,1066
1067,/m/voxclb1068,1067
1068,/m/voxclb1069,1068
1069,/m/voxclb1070,1069
1070,/m/voxclb1071,1070
1071,/m/voxclb1072,1071
1072,/m/voxclb1073,1072
1073,/m/voxclb1074,1073
1074,/m/voxclb1075,1074
1075,/m/voxclb1076,1075
1076,/m/voxclb1077,1076
1077,/m/voxclb1078,1077
1078,/m/voxclb1079,1078
1079,/m/voxclb1080,1079
1080,/m/voxclb1081,1080
1081,/m/voxclb1082,1081
1082,/m/voxclb1083,1082
1083,/m/voxclb1084,1083
1084,/m/voxclb1085,1084
1085,/m/voxclb1086,1085
1086,/m/voxclb1087,1086
1087,/m/voxclb1088,1087
1088,/m/voxclb1089,1088
1089,/m/voxclb1090,1089
1090,/m/voxclb1091,1090
1091,/m/voxclb1092,1091
1092,/m/voxclb1093,1092
1093,/m/voxclb1094,1093
1094,/m/voxclb1095,1094
1095,/m/voxclb1096,1095
1096,/m/voxclb1097,1096
1097,/m/voxclb1098,1097
1098,/m/voxclb1099,1098
1099,/m/voxclb1100,1099
1100,/m/voxclb1101,1100
1101,/m/voxclb1102,1101
1102,/m/voxclb1103,1102
1103,/m/voxclb1104,1103
1104,/m/voxclb1105,1104
1105,/m/voxclb1106,1105
1106,/m/voxclb1107,1106
1107,/m/voxclb1108,1107
1108,/m/voxclb1109,1108
1109,/m/voxclb1110,1109
1110,/m/voxclb1111,1110
1111,/m/voxclb1112,1111
1112,/m/voxclb1113,1112
1113,/m/voxclb1114,1113
1114,/m/voxclb1115,1114
1115,/m/voxclb1116,1115
1116,/m/voxclb1117,1116
1117,/m/voxclb1118,1117
1118,/m/voxclb1119,1118
1119,/m/voxclb1120,1119
1120,/m/voxclb1121,1120
1121,/m/voxclb1122,1121
1122,/m/voxclb1123,1122
1123,/m/voxclb1124,1123
1124,/m/voxclb1125,1124
1125,/m/voxclb1126,1125
1126,/m/voxclb1127,1126
1127,/m/voxclb1128,1127
1128,/m/voxclb1129,1128
1129,/m/voxclb1130,1129
1130,/m/voxclb1131,1130
1131,/m/voxclb1132,1131
1132,/m/voxclb1133,1132
1133,/m/voxclb1134,1133
1134,/m/voxclb1135,1134
1135,/m/voxclb1136,1135
1136,/m/voxclb1137,1136
1137,/m/voxclb1138,1137
1138,/m/voxclb1139,1138
1139,/m/voxclb1140,1139
1140,/m/voxclb1141,1140
1141,/m/voxclb1142,1141
1142,/m/voxclb1143,1142
1143,/m/voxclb1144,1143
1144,/m/voxclb1145,1144
1145,/m/voxclb1146,1145
1146,/m/voxclb1147,1146
1147,/m/voxclb1148,1147
1148,/m/voxclb1149,1148
1149,/m/voxclb1150,1149
1150,/m/voxclb1151,1150
1151,/m/voxclb1152,1151
1152,/m/voxclb1153,1152
1153,/m/voxclb1154,1153
1154,/m/voxclb1155,1154
1155,/m/voxclb1156,1155
1156,/m/voxclb1157,1156
1157,/m/voxclb1158,1157
1158,/m/voxclb1159,1158
1159,/m/voxclb1160,1159
1160,/m/voxclb1161,1160
1161,/m/voxclb1162,1161
1162,/m/voxclb1163,1162
1163,/m/voxclb1164,1163
1164,/m/voxclb1165,1164
1165,/m/voxclb1166,1165
1166,/m/voxclb1167,1166
1167,/m/voxclb1168,1167
1168,/m/voxclb1169,1168
1169,/m/voxclb1170,1169
1170,/m/voxclb1171,1170
1171,/m/voxclb1172,1171
1172,/m/voxclb1173,1172
1173,/m/voxclb1174,1173
1174,/m/voxclb1175,1174
1175,/m/voxclb1176,1175
1176,/m/voxclb1177,1176
1177,/m/voxclb1178,1177
1178,/m/voxclb1179,1178
1179,/m/voxclb1180,1179
1180,/m/voxclb1181,1180
1181,/m/voxclb1182,1181
1182,/m/voxclb1183,1182
1183,/m/voxclb1184,1183
1184,/m/voxclb1185,1184
1185,/m/voxclb1186,1185
1186,/m/voxclb1187,1186
1187,/m/voxclb1188,1187
1188,/m/voxclb1189,1188
1189,/m/voxclb1190,1189
1190,/m/voxclb1191,1190
1191,/m/voxclb1192,1191
1192,/m/voxclb1193,1192
1193,/m/voxclb1194,1193
1194,/m/voxclb1195,1194
1195,/m/voxclb1196,1195
1196,/m/voxclb1197,1196
1197,/m/voxclb1198,1197
1198,/m/voxclb1199,1198
1199,/m/voxclb1200,1199
1200,/m/voxclb1201,1200
1201,/m/voxclb1202,1201
1202,/m/voxclb1203,1202
1203,/m/voxclb1204,1203
1204,/m/voxclb1205,1204
1205,/m/voxclb1206,1205
1206,/m/voxclb1207,1206
1207,/m/voxclb1208,1207
1208,/m/voxclb1209,1208
1209,/m/voxclb1210,1209
1210,/m/voxclb1211,1210
1211,/m/voxclb1212,1211
1212,/m/voxclb1213,1212
1213,/m/voxclb1214,1213
1214,/m/voxclb1215,1214
1215,/m/voxclb1216,1215
1216,/m/voxclb1217,1216
1217,/m/voxclb1218,1217
1218,/m/voxclb1219,1218
1219,/m/voxclb1220,1219
1220,/m/voxclb1221,1220
1221,/m/voxclb1222,1221
1222,/m/voxclb1223,1222
1223,/m/voxclb1224,1223
1224,/m/voxclb1225,1224
1225,/m/voxclb1226,1225
1226,/m/voxclb1227,1226
1227,/m/voxclb1228,1227
1228,/m/voxclb1229,1228
1229,/m/voxclb1230,1229
1230,/m/voxclb1231,1230
1231,/m/voxclb1232,1231
1232,/m/voxclb1233,1232
1233,/m/voxclb1234,1233
1234,/m/voxclb1235,1234
1235,/m/voxclb1236,1235
1236,/m/voxclb1237,1236
1237,/m/voxclb1238,1237
1238,/m/voxclb1239,1238
1239,/m/voxclb1240,1239
1240,/m/voxclb1241,1240
1241,/m/voxclb1242,1241
1242,/m/voxclb1243,1242
1243,/m/voxclb1244,1243
1244,/m/voxclb1245,1244
1245,/m/voxclb1246,1245
1246,/m/voxclb1247,1246
1247,/m/voxclb1248,1247
1248,/m/voxclb1249,1248
1249,/m/voxclb1250,1249
1250,/m/voxclb1251,1250
